vol,abs
-0.024408,-39.440418
0.031196,-39.242645
0.086799,-39.137119
0.142402,-39.101803
0.198005,-39.040653
0.253609,-38.991455
0.309212,-39.043011
0.364815,-39.017597
0.420418,-38.999485
0.476022,-39.055737
0.531625,-39.093811
0.587228,-39.166382
0.642831,-39.218803
0.698435,-39.178185
0.754038,-39.121033
0.809641,-39.10535
0.865244,-39.174301
0.920848,-39.24699
0.976451,-39.261726
1.032054,-39.347195
1.087657,-39.302494
1.143261,-39.386024
1.198864,-39.336411
1.254467,-39.355865
1.31007,-39.342377
1.365674,-39.331863
1.421277,-39.311615
1.47688,-39.29023
1.532483,-39.287849
1.588087,-39.268509
1.64369,-39.123116
1.699293,-38.940994
1.754896,-38.53854
1.8105,-37.40551
1.866103,-34.005367
1.921706,-26.522705
1.977309,-14.81813
2.032913,-2.591274
2.088516,6.987074
2.144119,13.144522
2.199723,16.755604
2.255326,19.052273
2.310929,20.526253
2.366532,21.644417
2.422135,22.352743
2.477739,22.682327
2.533342,23.061872
2.588945,23.426914
2.644548,23.54381
2.700152,23.61998
2.755755,23.647638
2.811358,23.672924
2.866961,23.608892
2.922565,23.771936
2.978168,23.722916
3.033771,23.726175
3.089375,23.700777
3.144978,23.904261
3.200581,23.944448
3.256184,23.813705
3.311787,23.780699
3.367391,23.806524
3.422994,23.764723
3.478597,23.770866
3.5342,23.731451
3.589804,23.860889
3.645407,23.930164
3.70101,23.805935
3.756613,23.891861
3.812217,23.902218
3.86782,23.847477
3.923423,23.947903
3.979026,23.896236
4.03463,23.880003
4.090233,23.84063
4.145836,23.982853
4.201439,24.048401
4.257043,24.027739
4.312646,24.026623
4.368249,23.826138
4.423852,23.893887
4.479455,23.92284
4.535059,23.837313
4.590662,23.80574
4.646266,23.914049
4.701869,23.898787
4.757472,23.969324
4.813075,23.969957
4.868679,24.041714
4.924282,23.95015
4.979885,23.887838
5.035488,23.973274
5.091092,23.859104
5.146695,23.951178
5.202298,23.944057
5.257901,23.870378
5.313504,23.850681
5.369108,23.962856
5.424711,24.047897
5.480314,24.019426
5.535917,23.979151
5.591521,24.021189
5.647124,24.016087
5.702727,23.89039
5.75833,23.943264
5.813934,23.943811
5.869537,23.948271
5.92514,23.985176
5.980743,23.942915
6.036347,23.983212
6.09195,24.084578
6.147553,23.973433
6.203156,23.944872
6.258759,23.96386
6.314363,24.022533
6.369966,24.035856
6.42557,24.025349
6.481173,24.042782
6.536776,24.111687
6.592379,24.011208
6.647983,23.98423
6.703586,24.051277
6.759189,24.111439
6.814792,24.151196
6.870396,24.089239
6.925999,24.146875
6.981602,24.119877
7.037205,24.107712
7.092808,24.077484
7.148412,24.150984
7.204015,24.185595
7.259618,24.060078
7.315221,24.070229
7.370825,24.077892
7.426428,24.173328
7.482031,24.188383
7.537634,24.163702
7.593238,24.203276
7.648841,24.180319
7.704444,24.208363
7.760047,24.173325
7.81565,24.231323
7.871254,24.883434
7.926857,25.523314
7.98246,25.504541
8.038063,25.441996
8.093666,25.298775
8.149271,25.102285
8.204874,25.146803
8.260477,25.230452
8.31608,25.195063
8.371683,25.085569
8.427286,25.126225
8.482889,25.054611
8.538492,25.02326
8.594095,25.102234
8.6497,24.909567
8.705303,25.023836
8.760906,25.121593
8.816509,25.044727
8.872112,25.077383
8.927715,25.063402
8.983318,25.09211
9.038921,25.154203
9.094526,25.160404
9.150129,25.203066
9.205732,25.132267
9.261335,25.03969
9.316938,24.961288
9.372541,25.11849
9.428144,25.086412
9.483747,25.006823
9.539351,25.06798
9.594955,25.042175
9.650558,24.947676
9.706161,24.983503
9.761765,25.006393
9.817368,25.017467
9.872971,25.021011
9.928574,25.047096
9.984177,25.142662
10.039782,25.001398
10.095385,24.987427
10.150988,24.969807
10.206591,25.024454
10.262194,24.920803
10.317797,24.72681
10.3734,24.844336
10.429003,24.905153
10.484606,24.933577
10.540211,24.920029
10.595814,25.048508
10.651417,25.042149
10.70702,24.862324
10.762623,24.931662
10.818226,24.901892
10.873829,24.854061
10.929432,24.806156
10.985037,24.943945
11.04064,24.989685
11.096243,24.986362
11.151846,24.944214
11.207449,24.984606
11.263052,25.044334
11.318655,24.998924
11.374258,25.037884
11.429861,25.030645
11.485466,24.923586
11.541069,24.932554
11.596672,25.038494
11.652275,24.953018
11.707878,25.042297
11.763481,25.061327
11.819084,25.007944
11.874687,24.995266
11.93029,25.065342
11.985895,25.013628
12.041498,24.969847
12.097101,24.971506
12.152704,25.021301
12.208307,25.165773
12.26391,25.102262
12.319513,25.120756
12.375116,25.117546
12.430721,25.130466
12.486324,25.199549
12.541927,25.210331
12.59753,25.166424
12.653133,25.035612
12.708736,25.046534
12.764339,25.131201
12.819942,25.060377
12.875546,25.028645
12.93115,25.196508
12.986753,25.184017
13.042356,25.10544
13.09796,25.129711
13.153563,25.131956
13.209166,25.071695
13.264769,25.110619
13.320372,25.029093
13.375977,24.964624
13.43158,25.167776
13.487183,25.225527
13.542786,25.129747
13.598389,25.1457
13.653992,25.132191
13.709595,25.098289
13.765198,25.050499
13.820801,25.180996
13.876406,25.162407
13.932009,25.185125
13.987612,25.103146
14.043215,25.188314
14.098818,25.135777
14.154421,25.202408
14.210024,25.158421
14.265627,25.042334
14.321232,25.1008
14.376835,25.158863
14.432438,25.166969
14.488041,25.109154
14.543644,25.26265
14.599247,25.187876
14.65485,25.248154
14.710453,25.274014
14.766056,25.246662
14.821661,25.121149
14.877264,25.044573
14.932867,25.099308
14.98847,25.114901
15.044073,25.324795
15.099676,25.307024
15.155279,25.245445
15.210882,25.230417
15.266485,25.171246
15.32209,25.27014
15.377693,25.304628
15.433296,25.256479
15.488899,25.273737
15.544502,25.188765
15.600105,25.325674
15.655708,25.526505
15.711311,25.435116
15.766916,25.248308
15.822519,25.239719
15.878122,25.399769
15.933725,25.444241
15.989328,25.481213
16.044931,25.412474
16.100534,25.592587
16.156139,25.442247
16.211742,25.385227
16.267345,25.321579
16.322948,25.520039
16.378551,25.586473
16.434155,25.52479
16.489758,25.53668
16.545361,25.572277
16.600965,25.596827
16.656569,25.604757
16.712172,25.657703
16.767775,25.593433
16.823378,25.56728
16.878981,25.537136
16.934584,25.7202
16.990187,25.560236
17.04579,25.488541
17.101395,25.589605
17.156998,25.658556
17.212601,25.609461
17.268204,25.51376
17.323807,25.506117
17.37941,25.730396
17.435013,25.748653
17.490616,25.571976
17.546221,25.580328
17.601824,25.501825
17.657427,25.475908
17.71303,25.484802
17.768633,25.513098
17.824236,25.64163
17.879839,25.626926
17.935442,25.612494
17.991045,25.559727
18.04665,25.655653
18.102253,25.573889
18.157856,25.60153
18.213459,25.657162
18.269062,25.622002
18.324665,25.64567
18.380268,25.494463
18.435871,25.622442
18.491476,25.705847
18.547079,25.658434
18.602682,25.606951
18.658285,25.691362
18.713888,25.678825
18.769491,25.7211
18.825094,25.606167
18.880697,25.752398
18.9363,25.819448
18.991905,25.8713
19.047508,25.80718
19.103111,25.817066
19.158714,25.773214
19.214317,25.781284
19.26992,25.735378
19.325523,25.691975
19.381126,25.74551
19.436729,25.743675
19.492334,25.771204
19.547937,25.972496
19.60354,25.891844
19.659143,25.794699
19.714746,25.782015
19.77035,25.713701
19.825953,25.778131
19.881556,25.778349
19.93716,25.674589
19.992764,25.635574
20.048367,25.725056
20.10397,25.674768
20.159573,25.730885
20.215176,25.833839
20.270779,25.901752
20.326382,25.838923
20.381985,25.829411
20.43759,25.811556
20.493193,25.837446
20.548796,25.788364
20.604399,25.844036
20.660002,25.904022
20.715605,25.706556
20.771208,25.690268
20.826811,25.872692
20.882416,25.988668
20.938019,25.787209
20.993622,25.698086
21.049225,25.850271
21.104828,25.797283
21.160431,25.727503
21.216034,25.787268
21.271637,25.868345
21.32724,25.963938
21.382845,25.86854
21.438448,25.854242
21.494051,25.77803
21.549654,25.666096
21.605257,25.657854
21.66086,25.777519
21.716463,25.888926
21.772066,25.870914
21.827671,25.892084
21.883274,25.795914
21.938877,25.737692
21.99448,25.757631
22.050083,25.841702
22.105686,25.99481
22.161289,25.792677
22.216892,25.80509
22.272495,25.89378
22.3281,25.905922
22.383703,25.871433
22.439306,25.857523
22.494909,25.851974
22.550512,25.760365
22.606115,25.852751
22.661718,25.858072
22.717321,25.73984
22.772926,25.824558
22.828529,25.853458
22.884132,25.729471
22.939735,25.625507
22.995338,25.759438
23.050941,25.919127
23.106544,25.830851
23.162148,25.86672
23.217751,25.83123
23.273355,25.807619
23.328959,25.735708
23.384562,25.782785
23.440165,25.87825
23.495768,25.822786
23.551371,25.695023
23.606974,25.797514
23.662577,25.749605
23.71818,25.695446
23.773785,25.769772
23.829388,25.770317
23.884991,25.80839
23.940594,25.806032
23.996197,25.737219
24.0518,25.766109
24.107403,25.733044
24.163006,25.695196
24.218611,25.759121
24.274214,25.674971
24.329817,25.762133
24.38542,25.882662
24.441023,25.864279
24.496626,25.712057
24.552229,25.671507
24.607832,25.847717
24.663435,25.90136
24.71904,25.76342
24.774643,25.781801
24.830246,25.681412
24.885849,25.758057
24.941452,25.779999
24.997055,25.728361
25.052658,25.825401
25.108261,25.813452
25.163866,25.841755
25.219469,25.747244
25.275072,25.819771
25.330675,25.910032
25.386278,25.884077
25.441881,25.781416
25.497484,25.722466
25.553087,25.844599
25.60869,25.856627
25.664295,25.911785
25.719898,25.824831
25.775501,25.871708
25.831104,25.868269
25.886707,25.822067
25.94231,25.75761
25.997913,25.733223
26.053516,25.808126
26.109121,25.855848
26.164724,25.944624
26.220327,25.875456
26.27593,25.88319
26.331533,25.974749
26.387136,25.984798
26.442739,25.955091
26.498343,26.001308
26.553946,25.972349
26.60955,25.874044
26.665154,25.952545
26.720757,25.888399
26.77636,25.844103
26.831963,25.925505
26.887566,25.879425
26.943169,25.851439
26.998772,25.976698
27.054375,25.87108
27.10998,25.806723
27.165583,25.857857
27.221186,25.828268
27.276789,25.910112
27.332392,25.897882
27.387995,25.99346
27.443598,25.897057
27.499201,25.918322
27.554806,25.807247
27.610409,25.818127
27.666012,25.795546
27.721615,25.828438
27.777218,25.902388
27.832821,25.892492
27.888424,25.947653
27.944027,25.983894
27.99963,25.870457
28.055235,25.93535
28.110838,25.820093
28.166441,25.828394
28.222044,25.904009
28.277647,25.86289
28.33325,25.868124
28.388853,26.034199
28.444456,25.900774
28.500061,25.881592
28.555664,25.945011
28.611267,26.024378
28.66687,26.035412
28.722473,25.858246
28.778076,25.822475
28.833679,25.97106
28.889282,25.971691
28.944885,25.92318
29.00049,25.905413
29.056093,25.99902
29.111696,25.899229
29.167299,26.040289
29.222902,26.115589
29.278505,26.043304
29.334108,26.00178
29.389711,25.939915
29.445316,25.975651
29.500919,25.932293
29.556522,25.962534
29.612125,26.029871
29.667728,26.072966
29.723331,26.164066
29.778934,26.10277
29.834538,26.017559
29.890141,26.064268
29.945745,26.153027
30.001348,26.093014
30.056952,26.001408
30.112555,26.127876
30.168158,26.112057
30.223761,26.172865
30.279364,25.954174
30.334967,25.96534
30.39057,26.02652
30.446175,26.169537
30.501778,26.17124
30.557381,26.037382
30.612984,26.177559
30.668587,26.100143
30.72419,26.064301
30.779793,26.073721
30.835396,25.938232
30.891001,26.041965
30.946604,26.058878
31.002207,26.052668
31.05781,26.107996
31.113413,26.008165
31.169016,26.082886
31.224619,25.95285
31.280222,26.022839
31.335825,26.110996
31.39143,26.261969
31.447033,26.189009
31.502636,26.143387
31.558239,26.178881
31.613842,26.11904
31.669445,26.08868
31.725048,26.125624
31.780651,26.147449
31.836256,26.199854
31.891859,26.215837
31.947462,26.129707
32.003063,25.979517
32.058666,26.080894
32.114269,26.250877
32.169872,26.154669
32.225475,25.929916
32.281078,26.045153
32.336681,25.982662
32.392284,25.991962
32.447887,26.089628
32.50349,26.056889
32.559097,26.187988
32.6147,26.230556
32.670303,26.309977
32.725906,26.286913
32.781509,26.164221
32.837112,26.067099
32.892715,26.043663
32.948318,26.095453
33.003922,26.111837
33.059525,26.207352
33.115128,26.081554
33.170731,26.100834
33.226334,26.101221
33.281937,26.083197
33.33754,26.191059
33.393143,26.120453
33.448746,26.125725
33.504353,26.096592
33.559956,26.088495
33.615559,26.18762
33.671162,26.228872
33.726765,26.178562
33.782368,26.058868
33.837971,26.058941
33.893574,26.129671
33.949177,26.182322
34.00478,26.275093
34.060383,26.102709
34.115986,26.001652
34.171589,26.174347
34.227192,26.206316
34.282795,26.076344
34.338398,26.280968
34.394001,26.178413
34.449608,26.138168
34.505211,26.248827
34.560814,26.293463
34.616417,26.169594
34.67202,26.187916
34.727623,26.036634
34.783226,26.130741
34.838829,26.063639
34.894432,26.132793
34.950035,26.188335
35.005638,26.104198
35.061241,26.048014
35.116844,26.19705
35.172447,26.275562
35.22805,26.198874
35.283653,26.12888
35.339256,26.153282
35.394859,26.085234
35.450466,26.105413
35.506069,26.262077
35.561672,26.235586
35.617275,26.080166
35.672878,26.052687
35.728481,26.039139
35.784084,26.192059
35.839687,26.362608
35.89529,26.268679
35.950893,26.260187
36.006496,26.084904
36.062099,26.137083
36.117702,26.167404
36.173306,26.250948
36.228909,26.224747
36.284512,26.206142
36.340115,26.196949
36.395721,26.224752
36.451324,26.176786
36.506927,26.165819
36.562531,26.193224
36.618134,26.299177
36.673737,26.241974
36.72934,26.245588
36.784943,26.32938
36.840546,26.254187
36.896149,26.324873
36.951752,26.358774
37.007355,26.287556
37.062958,26.354137
37.118561,26.358809
37.174164,26.358192
37.229767,26.308861
37.28537,26.221827
37.340977,26.292929
37.39658,26.17396
37.452183,26.131773
37.507786,26.290993
37.563389,26.200909
37.618992,26.111103
37.674595,26.255381
37.730198,26.363338
37.785801,26.335964
37.841404,26.315149
37.897007,26.203138
37.95261,26.29088
38.008213,26.297039
38.063816,26.402018
38.119419,26.374653
38.175022,26.359779
38.230625,26.383621
38.286232,26.424952
38.341835,26.391037
38.397438,26.322235
38.453041,26.252075
38.508644,26.216225
38.564247,26.318436
38.61985,26.304871
38.675453,26.326334
38.731056,26.347719
38.786659,26.303883
38.842262,26.325987
38.897865,26.471235
38.953468,26.546782
39.009071,26.364452
39.064674,26.37442
39.120277,26.364126
39.17588,26.281361
39.231487,26.441732
39.28709,26.515907
39.342693,26.497501
39.398296,26.435341
39.453899,26.370337
39.509502,26.361736
39.565105,26.305387
39.620708,26.269032
39.676311,26.443415
39.731915,26.261093
39.787518,26.34164
39.843121,26.419989
39.898724,26.510939
39.954327,26.480547
40.00993,26.415989
40.065533,26.445763
40.121136,26.526546
40.176743,26.38925
40.232346,26.33407
40.287949,26.332407
40.343552,26.387051
40.399155,26.414705
40.454758,26.478811
40.510361,26.325035
40.565964,26.18009
40.621567,26.291088
40.67717,26.412928
40.732773,26.321863
40.788376,26.449408
40.843979,26.452166
40.899582,26.36039
40.955185,26.2773
41.010788,26.447004
41.066391,26.531231
41.121998,26.4561
41.177601,26.402449
41.233204,26.378096
41.288807,26.329741
41.34441,26.361959
41.400013,26.404659
41.455616,26.489744
41.511219,26.291573
41.566822,26.381395
41.622425,26.478237
41.678028,26.486174
41.733631,26.34819
41.789234,26.413538
41.844837,26.41634
41.90044,26.475311
41.956043,26.463438
42.011646,26.533871
42.067249,26.522032
42.122856,26.444897
42.178459,26.429588
42.234062,26.366297
42.289665,26.446964
42.345268,26.350925
42.400871,26.360622
42.456474,26.41601
42.512077,26.477526
42.56768,26.405979
42.623283,26.769218
42.678886,26.614101
42.734489,26.404799
42.790092,26.416649
42.845695,26.469326
42.901299,26.566669
42.956902,26.554432
43.012505,26.47069
43.068111,26.448298
43.123714,26.491348
43.179317,26.555824
43.234921,26.394814
43.290524,26.388662
43.346127,26.389311
43.40173,26.501852
43.457333,26.423416
43.512936,26.479816
43.568539,26.54438
43.624142,26.544184
43.679745,26.462652
43.735348,26.358583
43.790951,26.540058
43.846554,26.539839
43.902157,26.573288
43.95776,26.521687
44.013367,26.409855
44.06897,26.527706
44.124573,26.395359
44.180176,26.522715
44.235779,26.636953
44.291382,26.519358
44.346985,26.519098
44.402588,26.605953
44.458191,26.488037
44.513794,26.534101
44.569397,26.479866
44.625,26.452856
44.680603,26.488609
44.736206,26.481087
44.791809,26.413214
44.847412,26.487791
44.903015,26.433846
44.958622,26.493156
45.014225,26.527803
45.069828,26.395983
45.125431,26.498348
45.181034,26.558651
45.236637,26.616096
45.29224,26.600561
45.347843,26.448225
45.403446,26.462805
45.459049,26.454689
45.514652,26.403629
45.570255,26.415842
45.625858,26.463909
45.681461,26.57065
45.737064,26.585197
45.792667,26.435745
45.84827,26.441418
45.903877,26.506163
45.95948,26.423185
46.015083,26.294044
46.070686,26.385334
46.126289,26.52964
46.181892,26.517561
46.237495,26.430319
46.293098,26.344618
46.348701,26.520756
46.404305,26.498913
46.459908,26.430521
46.515511,26.375639
46.571114,26.408152
46.626717,26.450232
46.68232,26.388699
46.737923,26.499895
46.793526,26.512903
46.849133,26.432793
46.904736,26.491919
46.960339,26.588127
47.015942,26.509302
47.071545,26.556925
47.127148,26.646498
47.182751,26.529289
47.238354,26.503263
47.293957,26.519257
47.34956,26.523434
47.405163,26.532717
47.460766,26.529171
47.516369,26.47451
47.571972,26.504026
47.627575,26.382648
47.683178,26.369678
47.738781,26.440702
47.794388,26.514271
47.849991,26.55575
47.905594,26.426334
47.961197,26.435976
48.0168,26.50683
48.072403,26.555536
48.128006,26.429798
48.183609,26.627169
48.239212,26.49077
48.294815,26.543079
48.350418,26.456278
48.406021,26.526728
48.461624,26.494261
48.517227,26.414799
48.57283,26.443939
48.628433,26.601048
48.684036,26.415234
48.739643,26.319407
48.795246,26.4596
48.850849,26.462982
48.906452,26.495157
48.962055,26.462498
49.017658,26.465357
49.073261,26.442375
49.128864,26.404167
49.184467,26.543898
49.24007,26.605055
49.295673,26.620462
49.351276,26.525717
49.406879,26.524431
49.462482,26.455591
49.518085,26.464859
49.573689,26.607643
49.629292,26.462326
49.684895,26.55365
49.740501,26.562893
49.796104,26.500301
49.851707,26.57062
49.90731,26.473019
49.962914,26.373802
50.018517,26.462345
50.07412,26.51368
50.129723,26.518038
50.185326,26.543566
50.240929,26.383726
50.296532,26.335413
50.352135,26.354383
50.407738,26.39859
50.463341,26.506132
50.518944,26.449715
50.574547,26.414217
50.63015,26.517607
50.685757,26.381315
50.74136,26.282059
50.796963,26.305149
50.852566,26.392935
50.908169,26.324549
50.963772,26.334042
51.019375,26.332409
51.074978,26.353884
51.130581,26.438301
51.186184,26.409092
51.241787,26.457052
51.29739,26.424604
51.352993,26.467157
51.408596,26.503065
51.464199,26.489344
51.519802,26.433113
51.575405,26.543962
51.631012,26.452635
51.686615,26.42791
51.742218,26.493759
51.797821,26.309887
51.853424,26.363611
51.909027,26.367044
51.96463,26.461273
52.020233,26.482426
52.075836,26.492409
52.131439,26.495802
52.187042,26.544031
52.242645,26.603111
52.298248,26.502243
52.353851,26.417074
52.409454,26.4198
52.465057,26.463726
52.52066,26.467958
52.576267,26.433817
52.63187,26.450289
52.687473,26.556633
52.743076,26.447422
52.798679,26.359585
52.854282,26.46792
52.909885,26.341856
52.965488,26.346577
53.021091,26.52877
53.076694,26.469255
53.132298,26.493927
53.187901,26.393106
53.243504,26.31542
53.299107,26.505863
53.35471,26.452969
53.410313,26.343752
53.465916,26.435957
53.521523,26.640875
53.577126,26.573584
53.632729,26.531656
53.688332,26.555101
53.743935,26.565924
53.799538,26.475782
53.855141,26.388475
53.910744,26.470554
53.966347,26.426758
54.02195,26.531109
54.077553,26.437143
54.133156,26.305593
54.188759,26.544506
54.244362,26.498074
54.299965,26.557451
54.355568,26.387735
54.411171,26.431747
54.466778,26.500542
54.522381,26.553955
54.577984,26.375233
54.633587,26.319643
54.68919,26.382753
54.744793,26.424946
54.800396,26.391277
54.855999,26.282684
54.911602,26.465811
54.967205,26.499866
55.022808,26.396666
55.078411,26.355242
55.134014,26.449356
55.189617,26.404785
55.24522,26.440586
55.300823,26.561359
55.356426,26.524298
55.412033,26.472036
55.467636,26.591768
55.523239,26.386154
55.578842,26.348192
55.634445,26.282854
55.690048,26.35216
55.745651,26.362656
55.801254,26.474543
55.856857,26.49872
55.91246,26.309118
55.968063,26.369158
56.023666,26.438461
56.079269,26.451368
56.134872,26.547722
56.190475,26.545565
56.246078,26.496243
56.301682,26.4335
56.357285,26.417246
56.412891,26.497362
56.468494,26.470194
56.524097,26.615459
56.5797,26.457544
56.635303,26.371025
56.690907,26.523577
56.74651,26.427549
56.802113,26.51153
56.857716,26.459614
56.913319,26.502335
56.968922,26.565533
57.024525,26.524637
57.080128,26.554615
57.135731,26.484072
57.191334,26.436455
57.246937,26.484713
57.30254,26.452803
57.358147,26.381279
57.41375,26.424484
57.469353,26.422689
57.524956,26.446033
57.580559,26.354584
57.636162,26.398533
57.691765,26.38335
57.747368,26.442062
57.802971,26.454128
57.858574,26.462059
57.914177,26.485815
57.96978,26.520874
58.025383,26.444326
58.080986,26.424538
58.136589,26.375402
58.192192,26.507259
58.247795,26.570723
58.303402,26.507128
58.359005,26.318558
58.414608,26.413509
58.470211,26.373613
58.525814,26.338869
58.581417,26.356894
58.63702,26.498871
58.692623,26.3297
58.748226,26.50618
58.803829,26.480974
58.859432,26.439428
58.915035,26.431396
58.970638,26.400478
59.026241,26.353903
59.081844,26.414682
59.137447,26.500584
59.19305,26.406483
59.248657,26.481718
59.30426,26.332636
59.359863,26.332352
59.415466,26.398451
59.471069,26.335573
59.526672,26.418821
59.582275,26.356176
59.637878,26.305248
59.693481,26.459217
59.749084,26.432035
59.804688,26.466225
59.860291,26.369844
59.915894,26.380669
59.971497,26.323021
60.0271,26.488981
60.082703,26.443792
60.138306,26.337193
60.193913,26.467474
60.249516,26.579857
60.305119,26.404612
60.360722,26.285883
60.416325,26.343203
60.471928,26.427834
60.527531,26.446482
60.583134,26.35573
60.638737,26.290192
60.69434,26.242512
60.749943,26.397537
60.805546,26.306215
60.861149,26.357098
60.916752,26.35022
60.972355,26.368074
61.027958,26.362682
61.083561,26.510956
61.139168,26.454651
61.194771,26.340399
61.250374,26.324085
61.305977,26.349403
61.36158,26.334322
61.417183,26.26432
61.472786,26.41943
61.528389,26.410515
61.583992,26.314056
61.639595,26.443874
61.695198,26.350195
61.750801,26.172415
61.806404,26.292227
61.862007,26.414349
61.91761,26.436262
61.973213,26.362316
62.028816,26.293055
62.084423,26.292753
62.140026,26.276579
62.195629,26.402206
62.251232,26.412144
62.306835,26.371855
62.362438,26.300293
62.418041,26.325027
62.473644,26.442789
62.529247,26.445763
62.58485,26.355724
62.640453,26.436256
62.696056,26.460005
62.751659,26.46418
62.807262,26.292555
62.862865,26.320608
62.918468,26.404652
62.974072,26.399532
63.029675,26.367371
63.085281,26.387316
63.140884,26.369175
63.196487,26.357666
63.25209,26.36079
63.307693,26.401579
63.363297,26.357269
63.4189,26.357328
63.474503,26.349716
63.530106,26.462706
63.585709,26.548988
63.641312,26.497658
63.696915,26.408106
63.752518,26.363348
63.808121,26.395498
63.863724,26.380159
63.919327,26.407789
63.97493,26.470592
64.030533,26.520029
64.086136,26.348738
64.141739,26.264015
64.197342,26.365768
64.252945,26.310993
64.308548,26.377136
64.364151,26.443974
64.419754,26.336197
64.475365,26.346252
64.530968,26.536556
64.586571,26.445368
64.642174,26.317734
64.697777,26.249352
64.75338,26.42347
64.808983,26.510349
64.864586,26.505213
64.920189,26.479919
64.975792,26.499323
65.031395,26.375729
65.086998,26.431808
65.142601,26.482368
65.198204,26.44207
65.253807,26.495516
65.30941,26.470509
65.365013,26.369209
65.420616,26.483957
65.476219,26.49095
65.531822,26.508192
65.587425,26.477858
65.643028,26.528721
65.698631,26.5718
65.754234,26.625422
65.809837,26.503447
65.86544,26.551405
65.921043,26.626711
65.976646,26.510662
66.032249,26.584486
66.087852,26.467384
66.143456,26.629513
66.199059,26.748856
66.254662,26.770407
66.310265,26.776365
66.365868,26.655079
66.421478,26.796335
66.477081,27.125587
66.532684,27.39015
66.588287,27.763287
66.64389,27.821405
66.699493,27.766228
66.755096,27.636625
66.810699,27.345785
66.866302,26.806265
66.921906,26.084188
66.977509,25.027452
67.033112,23.024662
67.088715,19.618475
67.144318,14.747709
67.199921,8.798721
67.255524,2.611023
67.311127,-3.236674
67.36673,-8.606971
67.422333,-13.332375
67.477936,-17.348721
67.533539,-20.644966
67.589142,-23.312632
67.644745,-25.535326
67.700348,-27.335184
67.755951,-28.789677
67.811554,-29.946144
67.867157,-30.872103
67.92276,-31.689835
67.978363,-32.319756
68.033966,-32.865719
68.089569,-33.344044
68.145172,-33.779228
68.200775,-34.166985
68.256378,-34.469109
68.311989,-34.798172
68.367592,-35.037102
68.423195,-35.216637
68.478798,-35.431606
68.534401,-35.633728
68.590004,-35.788734
68.645607,-35.956257
68.70121,-36.083439
68.756813,-36.157894
68.812416,-36.249653
68.868019,-36.315693
68.923622,-36.432858
68.979225,-36.50378
69.034828,-36.546177
69.090431,-36.604473
69.146034,-36.698475
69.201637,-36.733128
69.25724,-36.812801
69.312843,-36.87664
69.368446,-36.944233
69.424049,-36.994534
69.479652,-37.006775
69.535255,-37.074062
69.590858,-37.159695
69.646461,-37.208447
69.702065,-37.256779
69.757668,-37.297951
69.813271,-37.342579
69.868874,-37.466721
69.924477,-37.510532
69.98008,-37.568314
70.035683,-37.593906
70.091286,-37.644783
70.146889,-37.626022
70.202499,-37.382072
70.258102,-37.342556
70.313705,-37.410419
70.369308,-37.347752
70.424911,-37.356548
70.480515,-37.48111
70.536118,-37.589382
70.591721,-37.785294
70.647324,-37.944054
70.702927,-38.082691
70.75853,-38.186916
70.814133,-38.186878
70.869736,-38.283775
70.925339,-38.359596
70.980942,-38.405334
71.036545,-38.413094
71.092148,-38.487621
71.147751,-38.454193
71.203354,-38.351479
71.258957,-37.961765
71.31456,-37.000816
71.370163,-35.798149
71.425766,-34.923229
71.481369,-34.757145
71.536972,-35.091633
71.592575,-35.756306
71.648178,-36.508629
71.703781,-37.143227
71.759384,-37.646271
71.814987,-38.002193
71.87059,-38.289101
71.926193,-38.496502
71.981796,-38.567162
72.037399,-38.645317
72.09301,-38.739002
72.148613,-38.745239
72.204216,-38.829273
72.259819,-38.863464
72.315422,-38.876915
72.371025,-38.877525
72.426628,-38.942772
72.482231,-38.977558
72.537834,-38.945862
72.593437,-38.954815
72.64904,-38.980255
72.704643,-38.988174
72.760246,-39.001129
72.815849,-38.975327
72.871452,-39.011555
72.927055,-39.001892
72.982658,-39.033165
73.038261,-38.972141
73.093864,-38.969296
73.149467,-39.040852
73.20507,-39.085289
73.260674,-39.100578
73.316277,-39.055256
73.37188,-39.01527
73.427483,-39.038387
73.483086,-39.075783
73.538689,-39.071281
73.594292,-39.081612
73.649895,-39.107185
73.705498,-39.072308
73.761101,-39.08028
73.816704,-39.084743
73.872307,-39.081688
73.92791,-39.076595
73.983513,-39.111202
74.039124,-39.087559
74.094727,-39.117321
74.15033,-39.050449
74.205933,-39.080498
74.261536,-39.034405
74.317139,-39.003933
74.372742,-39.04697
74.428345,-39.103184
74.483948,-39.084045
74.539551,-39.061146
74.595154,-39.067688
74.650757,-39.092873
74.70636,-39.138416
74.761963,-39.079868
74.817566,-39.10363
74.873169,-39.062
74.928772,-39.076733
74.984375,-39.126625
75.039978,-39.112812
75.095581,-39.133343
75.151184,-39.135685
75.206787,-39.139706
75.26239,-39.092751
75.317993,-39.089947
75.373596,-39.106152
75.429199,-39.139202
75.484802,-39.081886
75.540405,-39.1185
75.596008,-39.178307
75.651611,-39.15876
75.707214,-39.113628
75.762817,-39.138622
75.81842,-39.15609
75.874023,-39.169418
75.929634,-39.137936
75.985237,-39.055092
76.04084,-39.048206
76.096443,-39.058483
76.152046,-38.975502
76.207649,-39.02837
76.263252,-38.997879
76.318855,-38.993992
76.374458,-39.040302
76.430061,-39.019981
76.485664,-38.975842
76.541267,-38.965485
76.59687,-39.011932
76.652473,-39.009357
76.708076,-38.98877
76.76368,-38.983891
76.819283,-38.98061
76.874886,-38.958172
76.930489,-38.982861
76.986092,-38.932362
77.041695,-38.952866
77.097298,-38.934723
77.152901,-38.961147
77.208504,-38.964783
77.264107,-38.978031
77.31971,-38.924675
77.375313,-38.918709
77.430916,-38.978203
77.486519,-38.890911
77.542122,-38.943966
77.597725,-38.899605
77.653328,-38.915634
77.708931,-38.935398
77.764534,-38.916004
77.820145,-38.958851
77.875748,-38.949871
77.931351,-38.914761
77.986954,-38.947899
78.042557,-38.890511
78.09816,-38.867489
78.153763,-38.835754
78.209366,-38.841148
78.264969,-38.839462
78.320572,-38.832798
78.376175,-38.813538
78.431778,-38.86837
78.487381,-38.818707
78.542984,-38.825726
78.598587,-38.77129
78.65419,-38.803825
78.709793,-38.76231
78.765396,-38.780693
78.820999,-38.814529
78.876602,-38.81599
78.932205,-38.846161
78.987808,-38.827793
79.043411,-38.842278
79.099014,-38.825851
79.154617,-38.798847
79.21022,-38.820419
79.265823,-38.845505
79.321426,-38.836609
79.377029,-38.768177
79.432632,-38.872841
79.488235,-38.822712
79.543839,-38.799175
79.599442,-38.755836
79.655045,-38.772823
79.710655,-38.710926
79.766258,-38.650612
79.821861,-38.636902
79.877464,-38.595131
79.933067,-38.551777
79.98867,-38.49482
80.044273,-38.436626
80.099876,-38.390545
80.155479,-38.281322
80.211082,-38.244759
80.266685,-38.175659
80.322289,-38.179642
80.377892,-38.027557
80.433495,-38.001266
80.489098,-37.883278
80.544701,-37.850346
80.600304,-37.814438
80.655907,-37.727551
80.71151,-37.680153
80.767113,-37.640591
80.822716,-37.548164
80.878319,-37.473862
80.933922,-37.391647
80.989525,-37.317913
81.045128,-37.240868
81.100731,-37.144669
81.156334,-37.090794
81.211937,-37.059761
81.26754,-37.023037
81.323143,-36.860676
81.378746,-36.838306
81.434349,-36.793983
81.489952,-36.718063
81.545555,-36.722103
81.601158,-36.588215
81.656769,-36.543953
81.712372,-36.483131
81.767975,-36.42939
81.823578,-36.336876
81.879181,-36.260204
81.934784,-36.184025
81.990387,-36.175201
82.04599,-36.052998
82.101593,-36.036674
82.157196,-35.965488
82.212799,-35.869301
82.268402,-35.795227
82.324005,-35.73534
82.379608,-35.715656
82.435211,-35.626495
82.490814,-35.531071
82.546417,-35.515423
82.60202,-35.456497
82.657623,-35.366131
82.713226,-35.335556
82.768829,-35.259872
82.824432,-35.193989
82.880035,-35.119232
82.935638,-35.008591
82.991241,-35.015381
83.046844,-34.894665
83.102448,-34.875374
83.158051,-34.844772
83.213654,-34.728062
83.269257,-34.668781
83.32486,-34.622585
83.380463,-34.526787
83.436066,-34.456837
83.491669,-34.358051
83.547279,-34.324379
83.602882,-34.254082
83.658485,-34.183517
83.714088,-34.031017
83.769691,-34.002266
83.825294,-33.931038
83.880898,-33.826454
83.936501,-33.762512
83.992104,-33.610569
84.047707,-33.557434
84.10331,-33.504494
84.158913,-33.414165
84.214516,-33.275909
84.270119,-33.180099
84.325722,-33.156624
84.381325,-33.025688
84.436928,-32.952194
84.492531,-32.834751
84.548134,-32.721367
84.603737,-32.637081
84.65934,-32.538708
84.714943,-32.450478
84.770546,-32.340946
84.826149,-32.177025
84.881752,-32.083328
84.937355,-32.013592
84.992958,-31.864309
85.048561,-31.726595
85.104164,-31.594521
85.159767,-31.516504
85.21537,-31.357119
85.270973,-31.220947
85.326576,-31.180145
85.382179,-31.052132
85.43779,-30.929602
85.493393,-30.782597
85.548996,-30.648859
85.604599,-30.531075
85.660202,-30.389538
85.715805,-30.2761
85.771408,-30.113811
85.827011,-30.008484
85.882614,-29.859213
85.938217,-29.668011
85.99382,-29.495476
86.049423,-29.323746
86.105026,-29.273647
86.160629,-29.065451
86.216232,-28.93557
86.271835,-28.810843
86.327438,-28.595156
86.383041,-28.427439
86.438644,-28.283857
86.494247,-28.071583
86.54985,-27.873777
86.605453,-27.639902
86.661057,-27.431168
86.71666,-27.2225
86.772263,-26.962919
86.827866,-26.815611
86.883469,-26.576315
86.939072,-26.331945
86.994675,-26.091957
87.050278,-25.883385
87.105881,-25.590946
87.161484,-25.282495
87.217087,-25.063192
87.27269,-24.784138
87.328293,-24.513426
87.383904,-24.234585
87.439507,-23.884075
87.49511,-23.645794
87.550713,-23.397972
87.606316,-23.093067
87.661919,-22.78182
87.717522,-22.46011
87.773125,-22.20841
87.828728,-21.973829
87.884331,-21.574976
87.939934,-21.349087
87.995537,-21.097498
88.05114,-20.76162
88.106743,-20.456436
88.162346,-20.197638
88.217949,-19.882942
88.273552,-19.605812
88.329155,-19.299295
88.384758,-18.98855
88.440361,-18.691807
88.495964,-18.374567
88.551567,-18.099958
88.60717,-17.829639
88.662773,-17.505089
88.718376,-17.155485
88.773979,-16.834829
88.829582,-16.568758
88.885185,-16.172731
88.940788,-15.9274
88.996391,-15.5758
89.051994,-15.161419
89.107597,-14.828526
89.1632,-14.428324
89.218803,-14.040991
89.274414,-13.670682
89.330017,-13.179103
89.38562,-12.663512
89.441223,-12.149653
89.496826,-11.551386
89.552429,-10.88301
89.608032,-10.180631
89.663635,-9.449952
89.719238,-8.545613
89.774841,-7.609438
89.830444,-6.554051
89.886047,-5.305282
89.94165,-3.904673
89.997253,-2.442901
90.052856,-0.756862
90.108459,1.167794
90.164063,3.353248
90.219666,5.729321
90.275269,8.452029
90.330872,11.482005
90.386475,14.877065
90.442078,18.626198
90.497681,22.820343
90.553284,27.556862
90.608887,32.768986
90.66449,38.655701
90.720093,45.15781
90.775696,52.231201
90.831299,60.027481
90.886902,68.311279
90.942505,77.423645
90.998108,87.166565
91.053711,97.588387
91.109314,108.810654
91.164925,120.857216
91.220528,133.386795
91.276131,146.51239
91.331734,160.199249
91.387337,174.117035
91.44294,188.35907
91.498543,202.721649
91.554146,217.101532
91.609749,231.716995
91.665352,246.360687
91.720955,260.752777
91.776558,275.002594
91.832161,288.980591
91.887764,302.499084
91.943367,315.626343
91.99897,328.249756
92.054573,339.874023
92.110176,350.893341
92.165779,360.963837
92.221382,370.201202
92.276985,378.630951
92.332588,385.816895
92.388191,392.190308
92.443794,397.546753
92.499397,402.018951
92.555,405.530365
92.610603,407.836853
92.666206,409.152374
92.721809,409.060486
92.777412,408.101288
92.833015,405.933746
92.888618,402.690948
92.944221,398.448975
92.999825,393.028656
93.055435,386.874603
93.111038,379.828125
93.166641,372.070526
93.222244,363.791168
93.277847,354.941193
93.33345,345.867462
93.389053,336.207123
93.444656,326.426208
93.500259,316.773804
93.555862,307.134277
93.611465,297.704224
93.667068,288.569641
93.722672,279.697052
93.778275,271.282532
93.833878,263.584839
93.889481,256.525452
93.945084,250.020798
94.000687,244.491486
94.05629,239.745895
94.111893,235.916443
94.167496,233.280228
94.223099,231.500214
94.278702,230.656128
94.334305,230.989319
94.389908,232.140671
94.445511,234.425781
94.501114,237.601273
94.556717,241.571426
94.61232,246.308167
94.667923,251.572906
94.723526,257.222229
94.779129,263.26297
94.834732,269.475464
94.890335,276.066772
94.945938,282.484589
95.001549,288.814941
95.057152,294.853027
95.112755,300.549957
95.168358,305.920868
95.223961,310.482269
95.279564,314.433685
95.335167,317.878754
95.39077,320.45932
95.446373,322.277283
95.501976,323.168335
95.557579,323.056274
95.613182,322.086487
95.668785,319.771576
95.724388,316.485992
95.779991,312.120087
95.835594,306.683136
95.891197,300.512024
95.9468,293.478455
96.002403,285.890472
96.058006,277.444366
96.113609,268.551514
96.169212,259.02533
96.224815,249.165298
96.280418,239.018433
96.336021,228.666519
96.391624,218.240295
96.447227,207.764099
96.502831,197.30867
96.558434,186.883835
96.614037,176.517273
96.66964,166.460709
96.725243,156.42012
96.780846,146.723434
96.836449,137.069107
96.892059,127.932358
96.947662,119.157219
97.003265,110.759117
97.058868,102.671318
97.114471,95.095131
97.170074,87.770271
97.225677,80.95266
97.281281,74.333366
97.336884,68.184723
97.392487,62.433178
97.44809,57.003906
97.503693,51.879807
97.559296,47.11195
97.614899,41.780613
97.670502,38.453148
97.726105,34.542725
97.781708,35.860184
97.837311,36.476643
97.892914,30.531269
97.948517,24.662277
98.00412,20.457846
98.059723,17.077284
98.115326,14.042326
98.170929,11.361794
98.226532,9.027066
98.282135,6.919499
98.337738,5.072616
98.393341,3.308368
98.448944,1.776822
98.504547,0.191287
98.56015,-1.143016
98.615753,-2.326646
98.671356,-3.492592
98.726959,-4.565232
98.78257,-5.476211
98.838173,-6.445292
98.893776,-7.217994
98.949379,-7.975717
99.004982,-8.714952
99.060585,-9.325616
99.116188,-9.906538
99.171791,-10.397563
99.227394,-10.938176
99.282997,-11.367668
99.3386,-11.792176
99.394203,-12.127676
99.449806,-12.542366
99.505409,-12.865045
99.561012,-13.146593
99.616615,-13.48131
99.672218,-13.72817
99.727821,-13.920838
99.783424,-14.112147
99.839027,-14.330477
99.89463,-14.520907
99.950233,-14.676899
100.005836,-14.832901
100.06144,-14.948233
100.117043,-15.143278
100.172646,-15.163089
100.228249,-15.345811
100.283852,-15.454898
100.339455,-15.517046
100.395058,-15.622423
100.450661,-15.694882
100.506264,-15.746048
100.561867,-15.863037
100.61747,-15.904387
100.673073,-15.985231
100.728683,-16.044302
100.784286,-16.100468
100.83989,-16.118422
100.895493,-16.124369
100.951096,-16.183178
101.006699,-16.284962
101.062302,-16.292194
101.117905,-16.304836
101.173508,-16.296925
101.229111,-16.313379
101.284714,-16.467096
101.340317,-16.379175
101.39592,-16.431007
101.451523,-16.437262
101.507126,-16.440495
101.562729,-16.522633
101.618332,-16.455372
101.673935,-16.478519
101.729538,-16.535101
101.785141,-16.548605
101.840744,-16.569939
101.896347,-16.553303
101.95195,-16.588926
102.007553,-16.591387
102.063156,-16.599754
102.118759,-16.598351
102.174362,-16.592653
102.229965,-16.626278
102.285568,-16.588989
102.341171,-16.596632
102.396774,-16.561281
102.452377,-16.577885
102.50798,-16.586668
102.563583,-16.627056
102.619194,-16.573206
102.674797,-16.551289
102.7304,-16.549318
102.786003,-16.490086
102.841606,-16.47016
102.897209,-16.495262
102.952812,-16.487856
103.008415,-16.503067
103.064018,-16.450953
103.119621,-16.455286
103.175224,-16.432976
103.230827,-16.393759
103.28643,-16.389378
103.342033,-16.366716
103.397636,-16.389069
103.453239,-16.396652
103.508842,-16.260124
103.564445,-16.280609
103.620049,-16.236237
103.675652,-16.313025
103.731255,-16.24358
103.786858,-16.18195
103.842461,-16.172812
103.898064,-16.168171
103.953667,-16.132401
104.00927,-16.103498
104.064873,-16.149939
104.120476,-16.046343
104.176079,-16.057686
104.231682,-16.016394
104.287285,-16.05002
104.342888,-15.984157
104.398491,-15.975789
104.454094,-15.880705
104.509705,-15.904665
104.565308,-15.860945
104.620911,-15.84419
104.676514,-15.857428
104.732117,-15.818654
104.78772,-15.755585
104.843323,-15.763537
104.898926,-15.691385
104.954529,-15.684871
105.010132,-15.656939
105.065735,-15.6919
105.121338,-15.623301
105.176941,-15.624022
105.232544,-15.561959
105.288147,-15.524274
105.34375,-15.500635
105.399353,-15.498314
105.454956,-15.473304
105.510559,-15.484785
105.566162,-15.484287
105.621765,-15.420391
105.677368,-15.415642
105.732971,-15.41855
105.788574,-15.415014
105.844177,-15.331098
105.89978,-15.295811
105.955383,-15.261024
106.010986,-15.31123
106.066589,-15.287673
106.122192,-15.264902
106.177795,-15.226771
106.233398,-15.228308
106.289001,-15.213934
106.344604,-15.198147
106.400215,-15.180441
106.455818,-15.13617
106.511421,-15.191636
106.567024,-15.154681
106.622627,-15.139253
106.67823,-15.095681
106.733833,-15.057444
106.789436,-15.05722
106.845039,-15.050235
106.900642,-15.014802
106.956245,-14.967829
107.011848,-14.981758
107.067451,-14.928535
107.123055,-14.926813
107.178658,-14.905655
107.234261,-14.883394
107.289864,-14.855471
107.345467,-14.808164
107.40107,-14.825192
107.456673,-14.74091
107.512276,-14.749992
107.567879,-14.697633
107.623482,-14.678227
107.679085,-14.578609
107.734688,-14.586417
107.790291,-14.573471
